video_id,time,class,player1.x,player1.y,player1.x,player1.y,player2.x,player2.y,player3.x,player3.y,player4.x,player4.y,player5.x,player5.y
744b27_9,0.04,play,200.625,413.25,175.375,347.75,243.25,536.5,480.5,395.0,477.75,263.0,447.0,641.5
744b27_9,0.08,play,200.625,413.25,175.375,347.75,243.25,536.5,480.5,395.0,477.75,263.0,447.0,641.5
744b27_9,0.12,play,197.125,409.5,174.5,349.0,241.125,536.0,250.375,551.0,479.75,394.75,477.0,263.0
744b27_9,0.16,play,194.25,406.25,174.0,350.0,239.375,535.5,248.875,549.5,478.0,394.0,476.5,262.5
744b27_9,0.2,play,191.375,402.25,173.625,350.25,237.875,536.0,245.125,548.0,250.875,549.0,476.5,393.75
744b27_9,0.24,play,188.125,400.75,173.375,350.25,235.5,536.5,250.875,550.0,475.75,393.0,475.25,261.75
744b27_9,0.28,play,185.25,398.25,172.375,350.0,234.375,536.0,251.5,552.0,474.75,392.0,474.75,261.25
744b27_9,0.32,play,182.125,395.75,171.5,349.25,232.875,535.5,473.75,392.0,474.5,261.5,522.0,327.0
744b27_9,0.64,play,188.5,380.0,162.625,349.5,223.0,528.5,400.5,221.25,474.0,390.25,465.5,262.5
744b27_9,0.68,play,193.375,379.75,162.625,350.5,221.375,528.5,170.875,210.0,474.75,390.25,464.25,262.5
744b27_9,0.72,play,196.75,379.75,162.375,351.75,221.375,528.0,170.125,210.25,400.5,221.625,475.25,390.25
744b27_9,0.76,play,202.0,379.75,162.25,352.75,220.25,528.0,169.625,210.25,400.75,221.625,475.5,389.5
744b27_9,0.8,play,204.125,379.5,161.875,352.75,218.75,526.5,170.0,210.5,400.25,221.75,475.25,388.25
744b27_9,0.84,play,207.875,377.5,162.125,353.0,217.625,526.0,169.625,210.5,400.75,221.75,476.75,387.75
744b27_9,0.88,play,210.625,376.25,162.0,351.75,216.0,525.0,169.75,210.5,400.75,221.75,476.5,386.25
744b27_9,0.92,play,212.75,375.0,162.375,349.75,215.375,525.0,169.75,210.25,401.0,221.625,475.5,385.75
744b27_9,0.96,play,216.25,374.5,163.25,349.5,214.375,522.5,169.875,210.5,400.75,221.625,475.25,385.25
744b27_9,1.0,play,218.75,374.5,166.125,349.25,213.125,520.0,170.0,210.625,400.5,221.625,474.5,384.75
744b27_9,1.04,play,221.25,374.5,170.25,348.5,213.5,518.0,169.75,210.5,400.75,221.75,474.5,384.5
744b27_9,1.08,play,224.125,374.25,171.125,347.5,214.0,516.0,169.5,210.25,400.75,221.5,474.75,384.5
744b27_9,1.12,play,226.375,373.5,171.5,346.5,213.375,514.5,169.5,210.375,400.75,221.375,474.5,384.25
744b27_9,1.16,play,229.5,371.5,173.375,344.5,213.875,513.0,168.875,209.625,449.75,259.75,476.25,383.75
744b27_9,1.2,play,233.75,370.5,176.5,344.0,214.75,513.0,171.875,209.25,402.75,221.375,449.75,259.75
744b27_9,1.24,play,236.375,370.0,180.25,343.75,215.25,512.5,172.125,209.5,404.25,221.875,449.75,260.0
744b27_9,1.28,play,239.125,369.75,186.125,343.25,215.625,512.5,171.75,210.125,405.0,221.625,450.0,260.0
744b27_9,1.32,play,242.125,369.25,192.75,342.5,215.625,511.0,172.25,210.125,405.0,221.75,448.75,260.0
744b27_9,1.36,play,244.375,367.0,197.5,341.0,216.125,508.5,174.125,209.75,448.0,259.0,481.75,377.5
744b27_9,1.4000000000000001,play,250.875,366.5,203.5,340.25,221.0,505.0,179.5,209.25,450.75,258.25,485.75,377.75
744b27_9,1.44,play,1146.0,213.25,1002.5,334.5,982.0,353.0,942.5,315.5,1063.0,445.5,876.0,268.75
744b27_9,1.48,play,270.0,365.0,224.125,337.25,233.875,500.75,462.75,257.75,501.25,377.5,509.5,321.75
744b27_9,1.52,play,276.75,363.5,233.25,335.5,237.875,499.75,198.125,208.25,466.5,257.0,506.25,377.0
744b27_9,1.56,play,282.0,363.0,239.875,333.5,238.75,499.0,202.0,208.5,432.5,221.0,467.0,257.0
744b27_9,1.6,play,283.5,362.25,244.25,331.75,237.75,499.0,202.875,208.5,464.25,257.75,508.25,375.5
744b27_9,1.6400000000000001,play,288.25,362.5,247.375,331.5,239.75,499.25,205.625,210.0,463.75,258.5,436.75,220.75
744b27_9,1.68,play,293.5,361.0,251.625,329.75,241.375,497.5,464.0,258.5,514.0,371.75,512.0,319.5
744b27_9,1.72,play,298.5,361.0,256.75,328.75,243.75,496.0,211.375,208.375,464.5,259.0,516.5,372.0
744b27_9,1.76,play,301.25,360.0,261.5,328.5,245.25,494.0,214.875,209.625,464.75,258.75,513.0,319.5
744b27_9,1.8,play,306.25,359.75,270.75,327.5,246.5,491.5,215.0,208.5,467.25,257.5,512.5,318.75
744b27_9,1.84,play,309.25,358.5,279.0,325.75,247.75,489.0,218.25,207.625,469.0,256.0,512.5,317.75
744b27_9,1.8800000000000001,play,313.75,357.25,282.25,324.0,249.125,487.5,221.875,207.625,471.5,255.875,451.5,220.125
744b27_9,1.92,play,316.25,355.75,285.75,322.5,250.75,486.5,223.0,206.25,472.5,254.75,453.0,218.875
744b27_9,1.96,play,317.25,355.25,288.5,322.75,253.5,486.25,474.25,254.625,455.25,218.75,510.75,314.5
744b27_9,2.0,play,640.5,219.375,691.5,271.25,606.5,325.25,507.25,315.0,525.5,339.75,475.5,254.5
744b27_9,2.32,play,367.75,334.75,326.0,319.5,494.5,311.5,471.0,252.875,462.0,218.0,540.0,361.25
744b27_9,2.36,play,376.0,331.0,327.5,319.0,490.5,311.25,470.5,253.0,541.0,360.25,233.625,205.25
744b27_9,2.4,play,381.75,328.25,328.5,318.75,489.5,311.75,469.0,252.5,541.5,359.5,233.25,205.25
744b27_9,2.44,play,388.5,323.75,329.5,318.0,489.25,311.5,468.75,252.25,542.5,359.0,233.5,205.125
744b27_9,2.48,play,392.25,321.0,327.5,317.25,488.0,311.25,468.25,251.5,541.0,358.75,231.625,203.875
744b27_9,2.52,play,395.75,318.0,325.75,315.75,485.75,309.75,466.25,250.875,540.5,358.75,229.875,204.5
744b27_9,2.56,play,400.75,316.0,324.25,313.75,482.75,309.25,465.25,251.0,539.5,358.75,604.5,313.5
744b27_9,2.6,play,402.5,312.0,477.25,307.75,322.0,312.75,463.5,249.75,537.5,358.0,602.5,312.0
744b27_9,2.64,play,642.0,215.5,646.5,268.75,601.0,310.75,770.0,312.5,815.0,229.75,766.5,336.5
744b27_9,2.68,play,407.5,305.5,473.0,306.5,459.25,247.875,317.0,310.5,453.25,215.25,535.0,352.5
744b27_9,2.72,play,410.25,303.75,472.25,306.0,458.0,247.5,315.75,310.0,452.75,215.0,535.0,351.5
744b27_9,2.7600000000000002,play,412.5,302.0,470.75,305.5,456.0,246.625,450.0,214.625,314.75,309.25,534.0,351.0
744b27_9,2.8000000000000003,play,415.25,299.25,470.75,305.0,454.75,247.25,449.25,214.0,313.5,309.5,534.0,351.0
744b27_9,2.84,play,419.0,297.0,471.0,304.5,452.25,246.75,448.75,213.5,312.5,308.5,535.0,350.75
744b27_9,2.88,play,421.5,294.5,471.5,303.0,449.75,246.25,448.5,213.5,311.5,307.75,535.5,350.75
744b27_9,2.92,play,424.5,292.75,471.75,301.75,448.25,245.75,448.75,213.25,310.75,305.75,536.0,349.5
744b27_9,2.96,play,428.0,291.25,473.5,300.75,448.25,245.25,449.0,213.125,309.5,304.25,537.5,348.0
744b27_9,3.0,play,430.0,289.0,474.0,300.25,448.5,244.5,449.0,212.375,538.0,346.75,308.0,302.5
744b27_9,3.04,play,432.25,286.25,474.25,299.75,448.25,244.75,448.5,211.5,538.5,345.0,305.75,302.0
744b27_9,3.08,play,434.75,284.5,473.75,299.5,448.25,244.25,448.0,210.5,538.0,345.0,304.25,302.0
744b27_9,3.12,play,435.5,283.5,473.25,298.75,447.75,244.0,445.25,211.0,537.5,345.25,302.0,302.25
744b27_9,3.16,play,437.25,281.75,447.75,243.625,474.0,298.0,444.5,211.0,536.5,345.25,300.25,302.0
744b27_9,3.2,play,438.0,281.0,474.0,296.75,446.75,242.5,443.25,210.25,535.0,345.5,297.5,302.5
744b27_9,3.24,play,439.0,279.25,446.25,242.75,474.25,295.75,534.5,345.5,295.5,302.5,590.5,297.5
744b27_9,3.2800000000000002,play,440.25,276.5,439.75,276.0,443.0,242.5,474.0,294.5,438.5,219.0,535.0,344.25
744b27_9,3.36,play,1247.0,201.375,1050.0,310.25,1030.0,290.5,1038.0,326.0,1118.0,414.25,1037.0,458.5
744b27_9,4.76,play,735.5,205.5,751.0,196.375,794.5,217.0,777.5,270.0,650.5,268.5,832.5,296.0
744b27_9,4.8,play,736.5,207.25,753.0,197.125,794.5,225.75,779.0,270.25,651.5,269.0,834.0,294.5
744b27_9,4.84,play,738.5,207.875,794.0,219.75,779.0,270.25,652.0,269.0,834.0,293.75,602.5,235.0
744b27_9,4.88,play,740.0,209.5,791.5,220.125,780.5,270.0,654.0,269.0,835.0,293.25,877.0,225.0
744b27_9,4.92,play,740.0,209.75,780.5,269.75,654.0,268.0,836.0,293.5,873.0,228.125,602.0,235.25
744b27_9,4.96,play,741.0,210.125,780.5,269.25,654.0,267.5,835.5,294.0,867.5,229.625,602.0,235.25
744b27_9,5.0,play,740.5,210.75,780.0,269.5,654.0,266.75,862.5,224.625,835.0,294.25,600.0,235.0
744b27_9,5.04,play,740.5,211.125,779.0,268.75,652.5,266.5,860.5,230.25,834.0,294.0,599.0,234.375
744b27_9,5.08,play,740.0,211.5,778.5,269.25,652.0,267.0,859.0,233.75,833.5,293.5,598.0,233.75
744b27_9,5.12,play,739.5,212.25,777.5,269.5,651.5,267.25,854.5,230.375,833.5,292.5,597.5,233.75
744b27_9,5.16,play,739.5,212.625,771.5,222.875,777.5,269.5,651.5,267.25,851.5,233.875,834.0,291.5
744b27_9,5.2,play,739.5,213.375,769.5,224.25,778.0,268.25,652.0,266.75,847.0,227.625,834.0,290.75
744b27_9,5.24,play,739.5,213.625,765.5,224.875,778.0,267.5,652.5,266.25,841.5,230.5,834.0,290.75
744b27_9,5.28,play,739.5,214.125,762.5,226.0,778.5,266.25,653.0,265.5,834.0,290.5,594.5,235.75
744b27_9,5.32,play,740.0,214.875,760.5,227.0,779.5,266.25,836.0,230.25,653.0,265.5,834.0,291.0
744b27_9,5.36,play,741.5,215.75,759.0,226.5,781.0,265.75,831.5,236.375,653.0,265.75,833.5,291.25
744b27_9,5.4,play,741.5,216.25,757.5,224.125,781.5,266.0,831.5,237.375,652.5,265.75,834.5,292.25
744b27_9,5.48,play,0.1796875,664.5,151.0,395.0,347.5,281.5,587.5,626.5,576.0,312.75,680.0,724.5
744b27_9,5.76,play,747.0,218.125,801.0,236.375,789.0,262.75,650.5,261.0,840.0,288.0,719.5,352.25
744b27_9,9.08,play,0.22265625,694.0,0.14453125,694.0,139.125,351.0,19.3125,182.25,346.5,261.0,310.0,198.5
744b27_9,9.120000000000001,play,0.19726562,698.0,135.125,351.5,17.4375,182.625,344.25,260.75,308.5,197.0,624.0,657.0
744b27_9,9.24,play,798.0,215.75,801.0,269.0,776.0,267.25,903.0,285.0,668.0,226.375,647.5,236.25
744b27_9,9.32,play,803.0,215.5,794.0,267.0,775.0,266.0,717.0,236.625,903.0,284.0,647.0,233.0
744b27_9,9.4,play,995.0,729.0,837.5,702.5,1272.0,684.5,1122.0,413.5,630.0,666.0,1113.0,358.0
744b27_9,9.44,play,998.5,730.5,840.0,703.5,1272.0,688.5,1126.0,412.75,632.0,667.5,1113.0,358.0
744b27_9,9.48,play,1002.0,732.5,843.0,705.5,1272.0,691.5,1131.0,412.5,634.0,668.5,1112.0,357.75
744b27_9,9.52,play,1005.0,734.0,845.0,707.5,1272.0,698.0,1134.0,412.75,635.0,670.0,1113.0,357.5
744b27_9,9.84,play,835.5,211.25,774.0,263.25,897.5,278.25,721.5,339.75,660.5,215.5,670.0,315.5
744b27_9,9.92,play,842.0,210.25,897.0,276.0,772.5,261.25,725.5,339.0,661.0,214.875,673.0,315.5
744b27_9,9.96,play,845.0,209.375,896.0,275.25,771.0,259.75,727.0,339.0,1039.0,251.625,1035.0,281.0
744b27_9,10.0,play,849.0,209.375,897.0,275.5,769.0,260.0,768.5,260.5,776.0,280.0,729.0,340.25
744b27_9,10.040000000000001,play,852.5,208.75,898.0,275.5,769.5,259.25,766.5,259.75,728.5,341.0,1044.0,249.75
744b27_9,10.08,play,856.0,207.0,897.5,275.0,770.5,260.0,765.5,260.0,906.0,302.0,728.0,341.5
744b27_9,10.120000000000001,play,860.0,206.25,858.0,170.25,898.0,274.25,771.5,260.5,768.0,260.0,775.5,278.75
744b27_9,10.16,play,862.5,205.75,897.5,273.0,776.0,260.5,769.5,259.0,732.5,340.0,1050.0,248.75
744b27_9,10.200000000000001,play,866.0,205.5,896.5,272.0,778.0,261.75,766.0,258.25,779.5,283.75,715.0,226.625
744b27_9,10.24,play,1270.0,723.5,1163.0,415.5,1126.0,354.75,1092.0,267.25,1051.0,277.75,1052.0,248.0
744b27_9,10.28,play,1263.0,720.5,1263.0,705.5,1163.0,415.5,1124.0,354.0,1092.0,267.5,1051.0,277.0
744b27_9,10.32,play,872.5,204.375,888.5,271.5,907.0,298.5,775.0,262.5,761.5,256.25,1050.0,247.75
744b27_9,10.36,play,874.0,204.75,888.5,272.75,773.5,261.75,760.0,255.375,700.0,209.75,1050.0,248.0
744b27_9,10.44,play,877.5,206.375,885.0,273.25,892.5,299.0,768.5,262.5,755.5,257.5,1046.0,248.0
744b27_9,10.48,play,880.0,206.5,882.5,272.5,768.0,263.0,756.0,258.5,1046.0,248.375,702.0,213.5
744b27_9,10.52,play,881.0,206.875,880.0,272.0,767.5,263.25,755.0,258.75,1046.0,250.125,1044.0,277.25
744b27_9,10.56,play,882.5,207.5,877.5,271.25,766.0,264.75,754.5,258.25,1044.0,250.875,1044.0,277.75
744b27_9,10.6,play,884.0,208.0,874.0,271.5,765.5,265.5,753.0,258.75,753.0,273.25,1043.0,251.5
744b27_9,10.64,play,0.0234375,728.5,84.5625,342.5,355.5,245.875,367.75,245.75,611.5,499.75,512.5,277.5
744b27_9,10.68,play,0.10546875,727.0,84.1875,342.0,28.015625,165.75,356.5,245.625,369.75,245.25,348.0,182.0
744b27_9,10.72,play,889.0,209.125,868.5,273.25,760.0,265.25,744.0,257.75,1037.0,249.625,1046.0,281.75
744b27_9,10.76,play,891.5,210.125,867.0,273.75,759.0,265.5,1034.0,250.25,742.0,258.25,1047.0,280.5
744b27_9,10.8,play,893.5,209.75,890.5,172.875,866.0,273.25,1032.0,250.0,756.0,265.0,1039.0,250.75
744b27_9,10.84,play,896.5,209.5,865.0,273.0,1034.0,250.5,755.0,265.5,744.0,259.75,1048.0,280.5
744b27_9,10.88,play,898.5,210.375,862.5,272.0,1037.0,251.5,756.5,265.75,744.5,260.0,1047.0,280.0
744b27_9,10.92,play,901.0,209.875,859.0,272.0,1037.0,251.625,755.5,266.75,1047.0,280.25,744.0,259.75
744b27_9,10.96,play,0.015625,720.5,85.5625,342.75,47.46875,165.5,385.0,243.25,606.0,501.0,364.75,182.5
744b27_9,11.0,play,906.0,209.875,854.5,272.25,1035.0,251.375,1042.0,282.25,755.0,267.25,1050.0,284.75
744b27_9,11.040000000000001,play,908.0,209.75,856.0,272.75,1036.0,251.0,1051.0,285.0,754.5,266.75,741.0,258.25
744b27_9,11.08,play,911.0,209.75,855.5,273.25,1038.0,250.375,1051.0,285.5,754.5,266.25,1077.0,272.5
744b27_9,11.4,play,13.609375,716.5,105.875,349.75,92.875,342.5,84.0625,164.875,401.75,241.0,622.5,498.25
744b27_9,11.44,play,16.234375,716.5,105.75,349.5,92.5,342.5,86.5,166.625,405.75,240.125,620.0,499.0
744b27_9,11.56,play,21.140625,715.5,100.1875,351.25,92.125,340.75,91.625,165.875,410.0,237.875,622.0,498.5
744b27_9,11.6,play,22.359375,716.5,99.875,350.75,90.0625,340.75,89.8125,340.25,92.0625,163.75,411.75,237.75
744b27_9,11.64,play,23.90625,716.5,99.75,350.5,85.625,340.25,93.8125,165.75,413.75,237.625,622.5,498.75
744b27_9,11.68,play,24.828125,716.5,99.375,350.0,82.0,340.75,95.1875,166.5,416.25,237.875,622.5,498.5
744b27_9,11.72,play,25.359375,716.5,80.625,341.25,95.875,165.25,416.25,237.875,622.0,498.5,477.5,269.5
744b27_9,11.84,play,27.75,714.5,80.375,341.75,98.75,165.875,416.5,241.25,463.75,269.0,615.5,498.0
744b27_9,11.88,play,30.5625,713.5,82.6875,341.75,99.4375,166.75,416.5,241.625,609.5,497.75,462.5,269.5
744b27_9,11.92,play,31.828125,712.5,83.9375,341.0,100.1875,166.0,415.75,241.75,603.5,496.75,463.5,269.75
744b27_9,11.96,play,32.5625,711.5,84.375,340.25,101.625,167.25,416.0,242.0,601.0,497.5,601.0,497.5
744b27_9,12.0,play,34.0625,711.0,271.5,732.0,85.9375,340.25,103.5625,169.5,416.0,241.875,600.0,497.0
744b27_9,12.040000000000001,play,35.25,710.0,275.75,731.0,87.1875,339.75,104.5625,170.0,416.0,242.0,600.0,497.0
744b27_9,12.120000000000001,play,40.3125,708.0,286.5,728.5,91.75,340.0,108.5625,173.375,416.5,242.0,600.5,495.75
744b27_9,12.16,play,41.9375,706.5,289.75,727.0,94.0,340.0,110.0,172.0,415.5,242.25,601.0,495.25
744b27_9,12.24,play,47.1875,704.5,293.25,723.5,100.75,339.75,114.875,174.0,449.5,272.25,416.0,243.125
744b27_9,12.280000000000001,play,50.0,703.5,295.25,723.5,104.9375,339.5,116.4375,175.375,447.0,273.25,416.5,243.5
744b27_9,12.32,play,51.875,702.5,299.75,722.5,107.8125,338.75,0.21679688,257.5,118.0,174.875,443.5,273.75
744b27_9,12.44,play,56.3125,702.0,317.5,724.5,114.0,337.75,0.14453125,258.5,123.0625,175.0,437.75,273.5
744b27_9,12.48,play,59.65625,701.0,320.5,725.5,118.0625,336.75,0.3046875,257.5,124.8125,174.125,439.0,274.0
744b27_9,12.52,play,62.34375,700.5,324.75,725.5,120.6875,337.0,3.53125,255.75,128.25,175.5,442.5,273.5
744b27_9,12.56,play,65.0,700.5,328.75,726.0,124.4375,336.75,8.3828125,255.125,597.0,492.0,444.25,272.5
744b27_9,12.6,play,67.9375,700.0,338.0,726.0,126.875,336.5,10.90625,254.625,598.5,491.25,446.5,271.75
744b27_9,12.64,play,70.125,699.5,341.25,726.0,129.625,336.5,13.4375,255.75,136.375,175.625,599.0,490.5
744b27_9,12.68,play,72.375,699.0,341.0,726.0,131.875,335.5,12.6953125,255.25,600.0,490.5,449.0,270.25
744b27_9,12.72,play,75.0,699.0,351.5,726.5,135.0,335.5,12.0546875,255.0,601.0,489.75,450.0,270.5
744b27_9,12.76,play,77.125,699.0,359.0,725.5,138.75,335.0,20.09375,255.125,603.0,489.5,450.25,270.75
744b27_9,12.8,play,79.875,699.0,364.75,724.5,142.0,334.25,19.125,254.75,604.5,488.75,450.5,270.75
744b27_9,12.84,play,82.75,698.0,369.5,724.5,146.75,334.0,23.25,254.0,148.25,173.75,603.0,488.75
744b27_9,12.88,play,86.375,697.5,375.0,724.5,151.75,333.75,26.78125,254.25,602.0,489.0,450.5,271.25
744b27_9,12.92,play,89.875,697.0,381.75,724.5,156.375,333.5,27.78125,254.25,601.5,489.0,451.75,271.75
744b27_9,12.96,play,93.5,696.0,383.75,725.5,161.75,333.0,31.328125,254.0,602.0,489.25,455.0,271.0
744b27_9,13.0,play,96.4375,696.0,388.75,725.5,165.75,333.0,35.25,254.25,605.5,488.75,457.5,271.5
744b27_9,13.040000000000001,play,99.75,696.0,390.0,726.0,169.875,333.0,39.9375,254.5,608.0,488.25,460.0,271.25
744b27_9,13.08,play,102.6875,695.5,406.5,727.0,173.125,332.75,41.3125,253.75,610.0,487.75,462.5,271.25
744b27_9,13.16,play,106.75,695.5,416.25,727.5,178.75,333.0,45.75,254.0,614.5,487.25,467.0,270.0
744b27_9,13.200000000000001,play,107.8125,694.5,418.0,726.5,180.625,332.75,47.15625,254.25,615.5,486.25,468.0,269.0
744b27_9,13.24,play,109.25,695.0,421.75,726.5,182.875,332.25,48.78125,253.625,615.0,486.0,469.75,268.75
744b27_9,13.280000000000001,play,111.0625,695.5,423.75,726.5,185.75,332.0,50.0625,253.625,615.0,486.0,470.75,268.75
744b27_9,13.32,play,111.875,694.5,431.5,726.0,187.875,331.5,51.21875,253.625,614.5,487.5,471.25,268.5
744b27_9,13.36,play,993.0,220.125,1065.0,256.5,1086.0,274.75,1105.0,282.5,1097.0,352.5,818.5,258.75
744b27_9,13.44,play,994.5,219.375,1067.0,254.75,1087.0,274.75,1106.0,282.5,1099.0,352.0,819.5,258.25
744b27_9,13.52,play,114.5625,694.5,446.75,730.0,191.875,330.75,53.5625,253.5,603.0,493.25,473.25,268.75
744b27_9,13.6,play,995.5,220.125,1069.0,254.125,1088.0,275.25,1107.0,282.25,1099.0,352.25,820.5,256.25
744b27_9,13.64,play,995.5,220.375,1069.0,254.625,1088.0,274.5,1108.0,281.75,1099.0,352.25,820.5,256.5
744b27_9,13.68,play,114.9375,694.0,192.75,330.25,54.5625,254.0,0.22265625,206.375,598.0,486.0,473.75,270.5
744b27_9,13.72,play,0.21875,206.5,54.625,254.0,193.25,330.25,461.5,239.625,473.75,270.5,114.875,694.5
744b27_9,13.76,play,0.23046875,206.5,54.5,254.5,193.875,330.25,461.5,240.125,473.75,270.5,115.125,694.5
744b27_9,13.8,play,0.3125,206.375,54.71875,254.25,194.5,330.25,460.25,240.5,473.5,270.25,115.125,694.0
744b27_9,13.84,play,0.390625,205.75,55.21875,254.25,195.625,329.5,459.75,241.0,474.25,270.0,115.6875,694.0
744b27_9,13.88,play,0.47265625,205.375,55.90625,254.75,196.5,329.25,460.75,241.625,474.25,194.125,475.0,269.75
744b27_9,14.0,play,118.0625,694.0,199.875,327.75,57.84375,254.625,582.5,480.5,477.0,270.25,462.5,241.375
744b27_9,14.040000000000001,play,119.75,693.0,202.5,327.75,59.65625,255.75,579.5,477.5,477.5,270.25,463.25,240.875
744b27_9,14.08,play,122.125,692.0,204.75,327.75,62.28125,254.5,574.0,476.5,188.625,175.75,478.5,271.0
744b27_9,14.120000000000001,play,124.1875,691.0,86.875,728.0,207.25,327.75,64.5625,256.0,570.0,475.75,479.75,271.5
744b27_9,14.16,play,126.25,691.0,89.375,729.5,209.5,328.0,66.625,255.625,570.0,475.5,192.5,177.75
744b27_9,14.32,play,133.75,686.5,96.6875,723.5,0.1015625,703.0,215.5,328.75,75.3125,259.25,563.5,471.5
744b27_9,14.4,play,138.0,684.5,99.875,721.5,218.75,329.25,79.0,261.0,560.0,467.0,487.25,273.75
744b27_9,14.44,play,139.625,682.5,101.875,719.5,221.125,329.75,81.0625,261.5,558.5,466.0,490.25,274.0
744b27_9,14.48,play,141.625,681.5,103.25,719.0,223.0,330.5,83.0,262.75,556.5,465.0,493.5,274.25
744b27_9,14.56,play,986.5,228.125,1074.0,260.75,1074.0,260.75,1080.0,278.75,1089.0,280.75,1082.0,349.25
744b27_9,14.64,play,149.0,677.5,111.5,714.5,0.1875,691.5,234.375,332.0,513.0,728.0,91.0625,263.25
744b27_9,14.68,play,149.375,677.0,112.25,713.0,0.203125,690.0,239.25,332.0,514.0,728.5,91.6875,263.5
744b27_9,14.72,play,149.25,676.5,111.75,712.5,0.1875,690.5,243.0,330.75,516.5,729.0,91.75,263.0
744b27_9,14.76,play,149.25,676.5,110.8125,712.5,0.1875,690.0,244.375,329.5,518.0,730.0,91.875,263.5
744b27_9,14.8,play,148.625,677.0,110.4375,712.5,0.25,690.0,245.0,328.0,91.375,264.0,540.0,457.25
744b27_9,14.84,play,148.75,677.0,110.25,713.0,0.265625,690.0,246.875,328.0,91.375,263.25,539.0,457.25
744b27_9,14.88,play,148.125,676.5,110.0625,713.5,0.265625,690.0,249.0,327.0,91.0,263.0,539.0,457.25
744b27_9,14.92,play,147.875,677.5,109.125,714.0,0.25,690.0,250.5,326.75,90.8125,263.75,538.0,457.75
744b27_9,14.96,play,148.25,676.5,110.0,712.5,0.25,690.0,256.75,326.25,91.3125,263.25,537.0,457.0
744b27_9,15.0,play,148.125,677.0,109.5,713.5,0.265625,690.0,263.0,326.25,91.1875,263.25,535.5,455.25
744b27_9,15.040000000000001,play,147.75,677.0,108.75,713.5,0.28125,690.5,266.5,326.75,91.3125,263.0,535.5,454.25
744b27_9,15.08,play,147.75,677.0,108.625,713.5,0.265625,690.5,268.5,326.75,91.4375,262.75,535.0,453.0
744b27_9,15.120000000000001,play,147.5,677.0,107.75,713.0,0.25,690.5,267.75,326.0,91.1875,263.0,533.0,451.75
744b27_9,15.16,play,147.5,677.0,107.8125,713.0,0.203125,690.5,268.5,325.0,91.25,263.75,532.0,451.0
744b27_9,15.200000000000001,play,147.375,677.0,107.5,713.5,0.15625,690.5,269.5,324.25,91.75,264.75,531.5,451.0
744b27_9,15.36,play,146.125,677.0,106.1875,712.5,0.1875,691.0,289.25,325.25,90.75,264.5,527.5,448.5
744b27_9,15.4,play,145.875,677.5,106.0,713.0,0.1875,691.5,293.5,325.0,90.125,265.0,527.5,446.75
744b27_9,15.44,play,145.625,677.5,106.0,713.0,0.171875,691.0,294.0,324.5,93.5625,267.25,527.0,445.5
744b27_9,15.56,play,143.625,677.0,105.6875,713.0,0.15625,692.0,298.0,321.25,91.3125,265.25,524.0,444.5
744b27_9,15.6,play,561.5,220.0,561.5,219.625,563.0,234.875,583.5,237.125,603.5,227.5,508.75,251.0
744b27_9,15.64,play,562.5,220.0,564.0,235.375,589.5,236.125,605.0,227.5,509.0,249.0,628.5,246.75
744b27_9,15.68,play,562.5,219.5,565.5,237.5,588.0,236.375,605.0,227.5,510.75,251.5,510.5,251.125
744b27_9,15.72,play,974.0,229.25,1033.0,270.25,1053.0,286.25,1078.0,273.0,848.0,245.0,1086.0,346.25
744b27_9,15.76,play,563.5,220.25,565.5,235.75,591.0,236.75,605.5,227.25,515.5,250.625,515.0,250.5
744b27_9,15.8,play,564.5,220.875,564.5,235.125,582.5,224.625,593.0,236.5,605.5,227.625,517.5,251.0
744b27_9,15.84,play,970.0,228.875,1029.0,271.5,1030.0,270.5,1043.0,286.5,1072.0,272.75,859.5,248.0
744b27_9,15.88,play,967.5,228.625,1027.0,272.0,1069.0,273.5,857.0,246.5,849.5,234.5,849.0,248.125
744b27_9,15.92,play,801.5,266.75,849.5,248.0,856.0,245.125,748.0,240.0,730.0,213.625,712.5,229.75
744b27_9,15.96,play,123.375,683.0,83.625,721.0,314.25,317.5,75.5,268.0,509.0,442.25,514.0,279.5
744b27_9,16.0,play,961.5,227.5,1022.0,274.5,854.5,242.75,1063.0,273.0,850.5,245.0,1083.0,344.0
744b27_9,16.04,play,959.5,227.0,1024.0,277.5,1032.0,268.25,861.5,242.5,849.0,241.25,1062.0,272.75
744b27_9,16.080000000000002,play,957.0,226.25,1023.5,268.0,1020.5,278.75,1030.0,268.0,1027.0,279.0,863.0,242.625
744b27_9,16.12,play,955.0,226.5,1022.5,265.5,1030.0,266.5,1023.0,280.75,1032.0,267.75,863.5,241.375
744b27_9,16.16,play,81.1875,734.0,60.6875,730.5,58.875,730.0,96.875,689.0,48.5,270.25,315.75,316.0
744b27_9,16.2,play,75.3125,734.5,53.5625,730.5,91.25,691.5,42.28125,270.5,313.0,315.0,483.5,439.0
744b27_9,16.240000000000002,play,776.0,274.5,745.5,239.125,736.5,329.75,840.0,243.75,707.0,237.5,861.5,240.125
744b27_9,16.28,play,947.0,223.5,1022.5,263.0,1014.5,278.25,860.0,240.25,1041.0,272.75,838.5,242.25
744b27_9,16.32,play,77.625,695.0,23.390625,272.0,310.25,315.0,466.75,439.5,510.25,279.5,498.75,249.25
744b27_9,16.36,play,74.0,696.0,18.875,272.0,312.25,315.75,463.25,441.0,515.0,279.25,497.25,248.5
744b27_9,16.4,play,69.875,698.0,14.734375,272.0,315.75,315.75,460.25,443.0,516.0,279.25,496.5,249.0
744b27_9,16.44,play,66.5,699.0,11.8359375,271.5,319.0,315.5,457.75,444.5,513.5,279.25,497.0,249.5
744b27_9,16.48,play,62.65625,700.5,8.3515625,271.25,319.25,314.5,455.5,445.5,513.5,278.75,498.5,249.75
744b27_9,16.52,play,58.625,702.0,5.2578125,271.0,317.75,314.25,452.5,446.0,126.8125,178.0,513.5,279.25
744b27_9,16.6,play,50.65625,704.5,-0.00390625,270.75,315.0,313.5,449.25,445.25,119.6875,178.5,517.0,280.0
744b27_9,16.64,play,753.0,274.25,753.5,237.25,715.0,237.0,735.0,333.75,832.0,242.5,669.0,293.0
744b27_9,16.68,play,749.5,275.75,766.0,236.0,713.5,236.5,738.0,334.0,671.0,291.75,831.5,241.875
744b27_9,16.72,play,747.0,278.25,763.0,236.0,712.5,236.875,743.0,334.0,671.5,291.75,660.5,249.875
744b27_9,16.76,play,742.5,280.25,761.5,236.75,746.0,333.5,711.5,236.375,669.0,292.0,662.5,249.875
744b27_9,16.8,play,739.5,280.0,760.5,236.75,764.0,235.875,712.0,236.25,744.5,332.5,668.0,291.75
744b27_9,16.84,play,736.0,279.0,718.0,236.625,758.0,235.75,742.0,331.25,665.0,292.25,664.5,250.25
744b27_9,16.88,play,920.5,215.375,890.5,236.125,822.0,240.5,1022.0,276.5,1037.0,260.25,1051.0,266.0
744b27_9,16.92,play,916.0,215.375,887.5,237.875,816.5,243.125,1022.0,269.0,1036.0,259.5,1050.0,265.75
744b27_9,16.96,play,910.5,215.625,883.5,237.0,813.5,242.25,1025.0,274.75,1034.0,260.25,1046.0,265.75
744b27_9,17.0,play,905.0,215.75,882.5,237.0,811.0,244.5,1021.5,266.5,1022.5,273.75,1033.0,260.0
744b27_9,17.04,play,900.5,215.375,881.5,234.625,807.5,244.5,1017.5,270.5,1032.0,260.75,759.0,237.375
744b27_9,17.080000000000002,play,895.5,215.5,883.5,238.875,803.5,245.625,1015.0,271.25,1029.0,260.25,755.5,238.0
744b27_9,17.12,play,891.5,215.125,889.0,237.0,800.0,245.75,1015.0,276.0,754.0,237.75,1029.0,260.0
744b27_9,17.16,play,696.5,282.5,708.5,241.625,659.0,252.0,642.5,294.0,742.5,332.25,754.0,238.125
744b27_9,17.2,play,693.0,282.75,660.5,251.875,714.0,238.375,641.5,294.0,744.0,332.0,617.5,282.25
744b27_9,17.240000000000002,play,884.0,215.0,891.5,236.5,799.0,247.75,766.5,239.5,1027.0,259.75,1027.0,261.5
744b27_9,17.28,play,883.5,215.5,893.5,236.375,799.0,248.0,769.0,238.375,1029.0,260.75,1023.0,278.25
744b27_9,17.32,play,882.0,215.5,901.0,236.75,798.0,248.25,770.5,239.75,1024.0,277.25,1032.0,259.25
744b27_9,17.36,play,880.5,215.5,909.5,236.75,798.5,248.375,771.0,237.625,1025.0,277.25,722.5,238.0
744b27_9,17.400000000000002,play,879.5,215.375,915.0,237.25,799.0,249.0,771.5,237.375,723.0,238.125,769.5,333.5
744b27_9,17.44,play,878.5,215.375,915.0,240.875,801.0,249.875,774.0,238.25,725.0,238.5,770.0,333.25
744b27_9,17.48,play,876.5,214.625,916.0,238.625,802.5,250.5,787.0,237.875,727.0,239.125,770.5,333.0
744b27_9,17.52,play,875.0,214.75,917.5,238.625,801.5,250.0,790.5,238.375,731.5,237.875,772.0,332.0
744b27_9,17.56,play,0.04296875,730.0,321.75,316.5,26.171875,173.875,502.5,446.5,340.75,189.125,681.0,695.0
744b27_9,17.6,play,870.0,214.5,925.0,235.25,800.5,250.375,791.5,237.875,742.0,241.625,778.0,331.5
744b27_9,17.64,play,866.0,214.0,935.0,235.875,792.0,241.0,739.5,240.0,794.0,331.25,691.0,256.25
744b27_9,17.68,play,863.0,214.0,935.0,236.625,791.0,238.375,746.0,195.0,736.5,239.75,790.5,331.5
744b27_9,17.72,play,858.0,213.875,798.5,237.625,792.5,250.75,931.0,237.625,741.5,218.875,735.0,241.75
744b27_9,17.76,play,854.0,214.0,797.5,239.375,787.5,253.75,930.0,237.875,732.5,240.75,790.5,330.5
744b27_9,17.8,play,849.0,213.875,797.5,238.25,785.0,253.0,928.5,238.625,734.0,242.625,787.0,330.0
744b27_9,17.84,play,843.0,214.125,797.5,237.5,781.0,252.5,929.5,237.875,733.0,243.5,786.0,329.5
744b27_9,17.88,play,836.5,214.0,794.5,237.875,776.5,252.875,934.5,237.0,732.5,243.75,783.5,329.5
744b27_9,17.92,play,830.0,213.875,793.0,240.25,771.0,253.25,733.5,244.125,935.0,237.5,782.5,330.25
744b27_9,17.96,play,822.0,213.75,788.0,240.125,765.5,253.625,729.5,243.875,931.5,236.875,781.5,330.75
744b27_9,18.0,play,812.0,213.625,785.0,239.5,759.0,254.375,722.0,242.125,926.5,239.5,782.0,332.25
744b27_9,18.04,play,1082.0,393.0,1083.0,353.0,995.0,396.75,1029.0,284.5,1056.0,266.25,1029.0,265.5
744b27_9,18.12,play,781.0,213.875,769.0,239.375,736.5,255.875,700.5,240.5,765.0,331.25,662.0,264.0
744b27_9,18.16,play,770.5,213.375,766.0,240.75,729.0,255.875,695.0,241.0,757.5,330.5,654.5,264.5
744b27_9,18.240000000000002,play,751.5,213.75,753.0,240.125,709.5,257.0,691.0,245.375,748.5,330.75,640.0,268.75
744b27_9,18.28,play,741.0,213.75,750.0,242.125,701.0,258.25,684.5,246.5,749.5,331.5,632.5,272.25
744b27_9,18.36,play,721.0,213.0,730.0,238.5,688.0,260.5,670.5,241.625,626.5,266.5,741.0,333.0
744b27_9,18.44,play,703.0,213.625,725.5,237.625,658.0,241.125,674.0,260.75,618.5,266.75,730.5,332.75
744b27_9,18.48,play,694.0,213.25,664.0,239.875,726.5,239.75,660.0,240.625,672.5,261.25,612.0,267.25
744b27_9,18.52,play,685.0,213.375,660.5,241.125,653.5,242.125,720.5,242.25,667.0,260.75,606.0,267.0
744b27_9,18.72,play,640.0,213.5,626.5,241.0,695.0,241.875,587.5,271.0,560.5,284.25,707.0,334.5
744b27_9,18.76,play,630.5,214.25,621.5,243.75,630.0,264.0,583.0,272.75,702.5,243.5,557.0,285.25
744b27_9,18.8,play,623.0,215.5,619.0,245.375,626.5,265.25,579.5,275.25,692.5,245.125,566.5,277.5
744b27_9,18.84,play,614.0,216.5,613.0,246.375,625.0,266.75,575.5,272.25,691.0,245.625,557.0,279.5
744b27_9,18.88,play,1265.0,205.5,982.5,264.0,1002.5,345.25,943.0,288.75,928.0,259.5,930.0,388.25
744b27_9,18.92,play,1253.0,205.25,979.0,264.5,995.5,344.5,939.0,288.75,930.5,259.5,924.0,386.0
744b27_9,18.96,play,1239.0,207.375,973.5,260.5,989.5,344.25,937.0,290.25,928.5,260.75,918.5,385.5
744b27_9,19.0,play,1227.0,208.625,969.0,262.0,986.5,344.75,936.5,290.75,923.5,260.5,915.0,385.0
744b27_9,19.04,play,1214.0,209.125,965.5,265.25,988.5,345.0,938.0,291.5,915.5,260.75,914.0,384.75
744b27_9,19.080000000000002,play,573.5,222.875,598.0,247.75,598.0,275.25,556.5,280.0,680.0,249.75,441.25,252.25
744b27_9,19.12,play,1191.0,211.125,962.0,267.0,985.0,344.5,929.0,292.25,908.5,261.5,922.0,384.5
744b27_9,19.16,play,1179.0,212.5,985.0,280.0,959.0,268.25,977.0,344.0,916.5,262.25,922.5,292.0
744b27_9,19.2,play,983.5,275.25,954.5,268.5,919.0,292.5,972.0,342.25,910.0,263.0,912.5,380.75
744b27_9,19.240000000000002,play,981.0,271.5,953.0,268.5,918.0,270.75,967.0,342.75,907.5,263.5,907.5,379.0
744b27_9,19.28,play,1147.0,216.125,953.5,269.0,966.0,342.5,919.5,281.25,899.5,264.5,905.5,378.5
744b27_9,19.32,play,1135.0,218.125,950.5,270.25,975.0,342.75,921.0,293.5,894.5,265.0,905.0,378.75
744b27_9,19.36,play,1125.0,218.375,947.5,271.25,969.5,343.25,918.5,283.0,919.5,294.5,893.0,265.5
744b27_9,19.400000000000002,play,1116.0,219.125,945.0,272.25,966.0,343.75,905.0,265.5,913.5,295.5,894.0,264.75
744b27_9,19.44,play,1109.0,220.875,943.5,273.5,960.0,343.5,909.5,294.75,896.0,267.25,911.0,378.25
744b27_9,19.48,play,1098.0,221.875,941.0,274.0,955.5,343.75,907.0,290.75,896.0,269.0,906.5,376.75
744b27_9,19.52,play,1090.0,221.875,940.5,273.75,954.0,343.25,908.0,293.5,890.0,269.0,902.5,376.0
744b27_9,19.56,play,1084.0,222.25,939.0,273.5,954.5,343.0,912.0,296.5,886.0,269.0,899.5,375.0
744b27_9,19.6,play,1076.0,221.875,939.5,273.5,958.0,342.75,914.5,298.25,884.5,269.25,898.0,375.0
744b27_9,19.64,play,1070.0,221.5,1070.0,221.0,1067.0,218.75,1058.0,221.25,941.0,274.0,961.5,342.75
744b27_9,19.68,play,1067.0,221.875,1066.0,221.0,1053.0,221.125,940.0,274.25,960.5,342.0,909.0,275.25
744b27_9,19.72,play,494.5,236.5,431.25,268.25,539.5,293.75,587.0,260.5,572.0,292.75,424.75,329.25
744b27_9,19.8,play,1053.0,221.125,1053.0,221.125,1041.0,221.25,945.5,274.0,916.5,274.75,958.5,339.5
744b27_9,19.84,play,1050.0,221.25,1050.0,220.625,1036.0,220.0,947.0,274.25,974.0,339.25,923.5,297.25
744b27_9,19.88,play,478.5,236.625,430.0,267.5,537.5,295.0,433.25,331.0,583.5,260.0,577.0,287.0
744b27_9,19.92,play,1039.0,221.25,1027.0,219.5,949.0,274.75,972.5,339.25,919.5,295.25,901.5,267.5
744b27_9,20.0,play,1030.0,220.0,1026.0,217.625,1018.5,217.875,952.5,274.5,922.0,292.75,970.0,338.25
744b27_9,20.12,play,1022.0,220.875,1010.5,218.375,961.5,273.75,937.5,275.5,912.5,266.5,980.0,337.25
744b27_9,20.16,play,1021.0,220.625,1020.5,220.125,964.0,274.25,937.0,294.0,911.5,266.5,986.5,336.0
744b27_9,21.080000000000002,play,1020.0,217.25,1020.5,257.0,1093.0,276.5,1091.0,290.0,1065.0,352.25,1116.0,324.5
744b27_9,21.12,play,1016.5,215.375,1004.0,214.75,1020.0,255.375,950.5,240.25,1089.0,279.75,1066.0,351.5
744b27_9,21.240000000000002,play,1008.5,214.125,996.0,214.375,1024.0,252.75,962.5,237.625,1091.0,278.0,1118.0,320.75
744b27_9,21.400000000000002,play,990.5,214.875,960.0,235.0,1023.5,251.0,1109.0,280.25,1076.0,345.5,887.0,336.25
744b27_9,21.44,play,984.0,215.0,958.5,235.375,1017.5,249.125,1102.0,285.75,886.0,335.75,1073.0,344.25
744b27_9,21.48,play,975.5,214.375,1010.0,248.0,1100.0,283.0,884.5,335.5,1068.0,344.0,1121.0,317.75
744b27_9,21.52,play,965.5,213.625,1004.0,247.0,1090.0,280.75,887.5,335.75,1064.0,343.75,1117.0,317.75
744b27_9,21.56,play,955.0,213.375,946.0,233.75,997.0,245.5,887.0,335.75,1081.0,283.75,1061.0,342.25
744b27_9,21.6,play,943.0,214.0,938.0,233.875,989.5,245.25,882.0,335.5,1076.0,276.5,1074.0,287.5
744b27_9,21.64,play,932.0,213.875,929.5,234.0,981.5,245.25,873.0,334.25,1073.0,283.25,1048.0,340.25
744b27_9,21.68,play,923.0,213.75,920.0,232.375,975.0,243.875,867.5,333.25,1070.0,278.0,1039.0,337.75
744b27_9,21.72,play,913.0,213.125,918.5,233.5,968.0,245.125,864.0,333.25,864.0,360.5,1067.0,281.75
744b27_9,21.76,play,904.5,213.5,915.0,233.5,963.5,244.625,863.0,333.25,742.5,258.5,1061.0,278.5
744b27_9,21.8,play,898.0,214.0,911.5,232.75,957.5,243.5,864.0,334.0,741.0,258.5,1057.0,278.75
744b27_9,21.84,play,891.5,215.375,908.0,232.25,954.0,244.25,869.0,334.5,741.0,258.5,1054.0,278.5
744b27_9,21.92,play,1236.0,664.5,1076.0,311.75,1022.5,336.75,1071.0,287.75,1047.0,278.0,768.0,639.0
744b27_9,21.96,play,873.0,215.75,903.0,230.75,944.5,244.625,865.0,334.25,737.5,258.25,1045.0,279.25
744b27_9,22.0,play,1226.0,664.5,1130.0,636.0,1074.0,315.75,1019.5,334.5,1070.0,287.0,1046.0,280.5
744b27_9,22.04,play,1221.0,665.0,1074.0,315.75,1015.0,334.25,1070.0,288.5,1048.0,282.25,754.5,641.0
744b27_9,22.080000000000002,play,860.0,217.75,899.5,233.25,936.0,243.875,867.0,334.5,734.5,261.25,680.0,273.25
744b27_9,22.12,play,1214.0,665.0,1119.0,637.0,1080.0,316.25,1010.5,334.25,1069.0,291.0,1052.0,286.75
744b27_9,22.16,play,1210.0,665.5,1115.0,637.0,1083.0,317.0,1011.5,335.25,1073.0,291.25,1050.0,287.5
744b27_9,22.2,play,1207.0,666.5,1113.0,637.5,1082.0,318.0,1015.0,336.5,1076.0,292.5,1050.0,288.25
744b27_9,22.240000000000002,play,1205.0,666.5,1111.0,638.5,1110.0,638.5,1079.0,317.75,1017.0,337.0,1078.0,295.5
744b27_9,22.28,play,1203.0,667.5,1270.0,684.0,1270.0,685.5,1108.0,639.5,1082.0,318.5,1018.5,336.75
744b27_9,22.32,play,1200.0,668.0,1266.0,670.0,1105.0,639.5,1104.0,639.5,1083.0,319.25,1017.5,336.5
744b27_9,22.36,play,1194.0,668.5,1262.0,670.0,1100.0,640.0,1098.0,640.5,1083.0,321.0,1016.5,336.5
744b27_9,22.400000000000002,play,1191.0,669.5,1258.0,671.0,1097.0,640.5,1095.0,640.5,1083.0,322.75,1014.5,336.0
744b27_9,22.44,play,1187.0,669.0,1254.0,671.0,1093.0,641.0,1085.0,322.5,1014.0,336.5,1086.0,299.5
744b27_9,22.48,play,1182.0,669.5,1249.0,670.5,1089.0,641.5,1086.0,320.5,1013.5,337.25,1084.0,299.75
744b27_9,22.52,play,1177.0,669.5,1243.0,671.0,1086.0,641.0,1085.0,641.0,1082.0,319.0,1012.5,337.5
744b27_9,22.56,play,818.0,228.875,899.0,242.125,740.0,270.75,925.5,250.125,699.5,281.0,902.5,344.25
744b27_9,22.6,play,814.0,228.875,747.0,272.25,896.0,243.625,924.0,251.0,697.5,281.25,901.0,344.5
744b27_9,22.64,play,808.0,228.875,746.0,272.25,893.5,245.375,921.5,251.0,694.5,281.0,899.5,344.5
744b27_9,22.68,play,1159.0,669.5,1223.0,670.0,1067.0,642.0,1079.0,324.5,1004.5,336.5,1079.0,302.0
744b27_9,22.72,play,798.0,230.0,744.0,273.25,890.0,245.375,698.0,281.0,914.5,247.875,674.0,308.25
744b27_9,22.76,play,1146.0,669.5,1211.0,669.5,1075.0,326.25,997.0,335.5,1080.0,304.75,1055.0,302.25
744b27_9,22.8,play,1141.0,669.5,1206.0,670.0,1074.0,327.5,993.5,336.0,1078.0,305.25,1052.0,303.0
744b27_9,22.84,play,782.5,232.375,733.5,275.75,692.5,285.25,903.5,250.375,669.0,310.5,625.0,275.5
744b27_9,22.88,play,1130.0,670.0,1196.0,674.0,1065.0,327.5,987.5,336.25,1076.0,307.0,1047.0,305.0
744b27_9,23.04,play,1117.0,670.5,1182.0,671.5,1193.0,670.5,1262.0,683.5,1063.0,327.75,1078.0,311.0
744b27_9,23.080000000000002,play,1115.0,670.5,1180.0,671.0,1260.0,683.5,1067.0,328.0,1078.0,311.25,981.0,333.75
744b27_9,23.12,play,1113.0,671.0,1177.0,671.0,1024.0,643.5,1023.5,644.0,1256.0,683.5,1069.0,329.5
744b27_9,23.16,play,1113.0,671.0,1175.0,671.0,1022.0,644.0,1021.0,644.0,1256.0,683.0,1063.0,329.75
744b27_9,23.2,play,1109.0,670.5,1174.0,671.5,1019.0,643.0,1254.0,683.5,1069.0,330.0,1082.0,310.75
744b27_9,23.240000000000002,play,1107.0,670.5,1173.0,671.5,1019.0,643.5,1252.0,683.5,1058.0,326.25,1085.0,311.25
744b27_9,23.28,play,1106.0,670.0,1170.0,672.0,1017.5,643.0,1016.5,643.5,1248.0,683.0,1069.0,326.75
744b27_9,23.32,play,1103.0,669.5,1167.0,671.5,1014.5,643.0,1014.5,642.5,1246.0,682.0,1064.0,326.75
744b27_9,23.36,play,1100.0,669.0,1164.0,671.5,1242.0,680.5,1061.0,326.5,1087.0,313.25,1064.0,310.75
744b27_9,23.400000000000002,play,1097.0,670.0,1161.0,670.5,1240.0,680.0,1066.0,328.0,1086.0,313.5,935.0,350.0
744b27_9,23.44,play,1095.0,670.0,1159.0,670.0,1236.0,680.5,1063.0,325.0,1087.0,315.25,938.5,350.5
744b27_9,23.48,play,1093.0,669.5,1157.0,669.0,1235.0,680.0,945.0,351.0,1064.0,318.5,1088.0,315.5
744b27_9,23.52,play,1090.0,669.5,1154.0,668.5,1062.0,321.5,950.5,349.25,1089.0,316.5,1063.0,311.0
744b27_9,23.56,play,1090.0,669.0,1153.0,669.0,1001.0,642.5,1000.5,642.0,1230.0,680.0,1060.0,324.5
744b27_9,23.6,play,1088.0,668.0,1153.0,670.0,1001.0,642.5,1000.0,642.0,1230.0,679.5,1070.0,325.0
744b27_9,23.64,play,1088.0,668.0,1151.0,668.5,999.0,642.5,999.0,642.5,1228.0,679.0,1070.0,326.0
744b27_9,23.68,play,1088.0,667.5,1151.0,667.5,1172.0,672.0,998.5,641.5,998.0,642.0,1226.0,677.5
744b27_9,23.72,play,1087.0,667.5,1150.0,667.5,1174.0,671.5,996.5,642.0,996.5,640.5,1226.0,677.5
744b27_9,23.76,play,1085.0,666.5,1148.0,667.0,1171.0,671.5,995.5,641.5,1224.0,677.0,967.0,347.5
744b27_9,23.8,play,1083.0,666.0,1146.0,665.0,1172.0,671.5,1224.0,676.5,971.5,347.75,1056.0,322.25
744b27_9,23.84,play,1083.0,665.0,1146.0,664.0,1171.0,671.5,1223.0,676.0,1235.0,725.5,977.5,346.25
744b27_9,23.92,play,171.875,263.25,216.75,264.0,238.875,316.75,247.625,314.25,248.25,314.75,255.875,346.75
744b27_9,23.96,play,173.875,263.25,219.625,264.5,241.375,319.5,251.0,313.75,265.0,347.0,320.25,284.75
744b27_9,24.0,play,177.625,262.5,223.5,267.25,245.75,316.5,256.0,313.75,272.0,346.5,326.0,283.5
744b27_9,24.04,play,1081.0,658.0,1141.0,657.0,995.0,632.0,1171.0,672.0,1199.0,723.0,1217.0,666.5
744b27_9,24.080000000000002,play,1080.0,658.0,1142.0,656.0,993.5,631.5,1170.0,672.0,1199.0,722.5,1216.0,667.0
744b27_9,24.12,play,1079.0,657.0,1141.0,656.0,993.0,631.5,993.0,631.0,1171.0,672.0,1198.0,721.5
744b27_9,24.16,play,1078.0,656.5,1140.0,655.5,1170.0,671.5,1196.0,720.5,1214.0,665.0,1222.0,715.0
744b27_9,24.2,play,1075.0,656.5,1138.0,655.0,990.0,630.5,990.0,630.0,1170.0,672.0,1194.0,719.5
744b27_9,24.240000000000002,play,1073.0,656.5,1136.0,655.0,1170.0,671.5,1192.0,720.5,1211.0,665.0,1218.0,715.0
744b27_9,24.28,play,1072.0,656.5,1135.0,654.5,1169.0,671.5,1191.0,719.0,1208.0,664.5,1217.0,714.5
744b27_9,24.32,play,1071.0,656.0,1133.0,654.0,1189.0,719.5,1206.0,663.0,1215.0,713.5,1002.5,340.25
744b27_9,24.36,play,1070.0,656.0,1132.0,654.5,1187.0,718.5,1204.0,662.0,1213.0,713.5,1005.5,339.75
744b27_9,24.400000000000002,play,1068.0,655.5,1130.0,654.0,1185.0,719.0,1204.0,661.5,1210.0,713.0,1010.5,340.5
744b27_9,24.44,play,1066.0,655.0,1128.0,653.5,1183.0,718.0,1209.0,712.5,1250.0,708.5,1010.5,341.25
744b27_9,24.48,play,1065.0,654.5,1126.0,652.5,979.0,629.0,978.5,629.5,1181.0,718.0,1199.0,660.0
744b27_9,24.52,play,1065.0,654.5,1124.0,652.5,978.0,628.5,977.5,629.0,1179.0,718.0,1197.0,659.0
744b27_9,24.560000000000002,play,1062.0,654.0,1122.0,652.5,976.0,628.5,975.5,628.0,1177.0,717.0,1202.0,711.5
744b27_9,24.6,play,1059.0,653.5,1120.0,652.5,974.0,628.0,973.0,628.0,1174.0,716.5,1200.0,711.0
744b27_9,24.64,play,1057.0,653.0,1118.0,651.5,971.5,628.0,970.5,628.0,1173.0,716.0,1191.0,657.0
744b27_9,24.68,play,1056.0,653.0,1115.0,652.0,969.5,628.0,969.0,627.5,1170.0,716.0,1195.0,710.0
744b27_9,24.72,play,1053.0,653.5,1113.0,651.5,967.0,627.5,1168.0,716.0,1194.0,709.5,1235.0,706.5
744b27_9,24.8,play,1049.0,653.0,1110.0,651.0,963.5,627.5,1165.0,715.5,1190.0,709.0,1230.0,706.5
744b27_9,24.84,play,1048.0,653.0,1108.0,650.5,962.5,627.5,1162.0,715.0,1179.0,655.0,1188.0,709.0
744b27_9,24.88,play,1046.0,652.5,1107.0,650.5,960.5,627.5,1160.0,714.5,1179.0,655.0,1186.0,708.0
744b27_9,24.92,play,1043.0,652.0,1093.0,679.5,1104.0,650.5,959.0,627.0,1159.0,714.5,1178.0,654.0
744b27_9,24.96,play,1042.0,651.5,1101.0,650.0,957.0,627.0,1157.0,714.0,1175.0,653.5,1222.0,705.0
744b27_9,25.0,play,1040.0,652.0,1099.0,649.5,955.5,626.5,1154.0,714.0,1179.0,707.0,1219.0,704.0
744b27_9,25.04,play,1038.0,651.5,1095.0,649.0,953.0,626.0,1151.0,713.0,1177.0,707.0,1024.0,335.25
744b27_9,25.080000000000002,play,1034.0,650.0,1092.0,648.0,949.5,625.5,1147.0,711.0,1172.0,705.5,1025.0,336.0
744b27_9,25.12,play,1030.0,649.5,1090.0,647.5,946.5,625.0,1143.0,710.0,1169.0,703.5,1208.0,701.0
744b27_9,25.16,play,1026.0,648.0,1087.0,646.0,943.0,624.0,1140.0,708.5,1165.0,702.5,1201.0,699.5
744b27_9,25.2,play,1024.0,647.5,1083.0,646.0,1137.0,708.5,1162.0,701.0,1199.0,700.0,1025.0,336.5
744b27_9,25.240000000000002,play,1020.5,646.0,1079.0,644.0,936.5,622.0,936.0,621.5,1131.0,706.5,1157.0,699.5
744b27_9,25.28,play,1016.5,645.0,1075.0,643.0,934.0,620.5,933.5,620.5,1021.0,334.75,800.0,412.0
744b27_9,25.32,play,1013.5,644.5,1071.0,642.0,930.5,620.0,930.5,620.0,1142.0,642.0,1018.0,333.75
744b27_9,25.36,play,1008.5,643.0,1067.0,640.5,927.5,618.5,927.0,618.5,1014.5,333.5,800.0,411.5
744b27_9,25.400000000000002,play,673.0,237.375,665.5,297.75,743.0,283.5,754.5,274.0,591.0,333.0,844.5,275.5
744b27_9,25.44,play,1002.0,640.5,1060.0,638.0,921.5,617.0,1011.5,334.0,795.5,411.0,1067.0,321.5
744b27_9,25.48,play,999.0,640.0,1056.0,637.5,918.5,616.0,1010.5,334.0,793.0,410.5,1062.0,322.0
744b27_9,25.52,play,995.5,639.5,1053.0,637.0,915.0,616.0,1011.5,333.5,791.5,410.5,1059.0,322.0
744b27_9,25.560000000000002,play,993.0,639.5,1050.0,636.5,912.5,616.0,789.0,410.5,1011.0,333.0,1057.0,322.0
744b27_9,25.6,play,991.5,639.0,1048.0,636.5,910.5,616.0,788.0,411.0,1011.5,332.75,1055.0,322.5
744b27_9,25.64,play,989.0,639.0,1046.0,636.5,908.0,616.0,786.0,411.0,1009.5,332.25,1055.0,322.25
744b27_9,25.68,play,986.5,639.5,1044.0,636.5,785.5,411.0,1010.0,331.75,1059.0,321.75,954.0,301.5
744b27_9,25.72,play,984.5,639.5,1043.0,636.0,905.0,616.0,784.0,411.25,1009.0,332.0,1060.0,322.25
744b27_9,25.76,play,983.0,639.0,1041.0,636.5,903.0,616.0,783.0,410.75,1008.5,331.5,1060.0,321.25
744b27_9,25.8,play,981.5,639.0,1038.0,637.0,901.5,616.0,901.0,615.5,1183.0,643.0,781.5,410.75
744b27_9,25.84,play,979.0,639.0,1036.0,636.0,899.0,615.5,898.5,615.5,780.0,411.0,1007.0,332.5
744b27_9,25.88,play,977.5,638.5,1035.0,636.0,898.0,615.0,897.0,615.5,779.0,411.5,1007.5,332.5
744b27_9,25.92,play,976.0,638.5,1034.0,636.5,896.0,615.5,895.5,615.0,778.0,413.25,778.0,413.25
744b27_9,25.96,play,975.5,638.5,1031.0,635.5,894.5,614.5,894.5,614.0,777.0,414.25,1007.0,331.0
744b27_9,26.0,play,974.5,638.5,1030.0,635.0,892.5,614.5,892.5,614.5,775.0,415.25,1007.0,330.0
744b27_9,26.04,play,973.5,638.0,1029.0,634.5,891.5,614.5,891.5,614.0,772.5,416.0,1006.5,329.25
744b27_9,26.080000000000002,play,1253.0,304.25,1105.0,293.5,1064.0,330.25,1052.0,319.75,1005.5,329.25,961.5,301.5
744b27_9,26.12,play,1252.0,304.5,1105.0,293.75,1064.0,330.5,1051.0,319.0,1006.0,329.25,963.0,300.5
744b27_9,26.16,play,969.0,637.5,1027.0,634.5,762.5,414.25,1005.0,330.0,1063.0,331.25,1050.0,319.5
744b27_9,26.2,play,968.5,637.0,1024.0,635.0,760.5,412.5,1004.5,330.25,1062.0,331.75,1049.0,319.25
744b27_9,26.240000000000002,play,966.5,637.0,1022.5,633.5,758.5,410.75,1003.0,330.25,930.5,324.0,1062.0,331.75
744b27_9,26.28,play,965.0,636.5,1021.5,633.5,755.5,409.5,1002.5,329.5,1062.0,330.75,1046.0,318.5
744b27_9,26.32,play,963.0,636.0,1019.5,633.5,752.5,409.25,1001.0,328.75,1062.0,330.0,1044.0,317.75
744b27_9,26.36,play,961.0,636.0,1017.0,633.0,998.5,328.0,748.5,409.0,1065.0,329.25,1042.0,318.0
744b27_9,26.400000000000002,play,959.5,636.0,1015.0,632.5,879.0,613.0,995.5,327.0,745.5,409.75,1067.0,329.0
744b27_9,26.44,play,957.0,636.0,1013.0,632.5,995.0,327.0,742.0,410.25,1067.0,329.0,1037.0,317.5
744b27_9,26.48,play,954.5,636.0,1012.0,632.0,991.0,326.75,734.0,410.5,1067.0,329.5,1035.0,317.75
744b27_9,26.52,play,953.0,635.5,1010.0,632.0,874.0,613.0,874.0,612.5,989.5,326.75,726.5,411.75
744b27_9,26.560000000000002,play,952.0,635.5,1008.0,632.0,872.0,612.5,987.0,327.75,720.5,412.25,1066.0,330.75
744b27_9,26.6,play,950.5,635.5,1006.5,632.0,870.5,612.0,985.5,328.5,717.5,411.75,1066.0,331.0
744b27_9,26.64,play,949.0,635.5,1005.0,632.0,870.0,612.0,982.5,328.75,716.0,410.5,1065.0,332.0
744b27_9,26.68,play,947.0,635.0,1004.0,632.0,981.5,329.0,714.5,410.75,1064.0,332.75,1023.0,317.0
744b27_9,26.72,play,945.5,635.0,1002.5,632.0,979.0,328.25,1063.0,332.5,712.0,409.5,1018.5,317.25
744b27_9,26.76,play,945.0,634.5,1001.5,632.0,866.0,612.0,977.0,327.75,1063.0,333.0,1017.0,318.0
744b27_9,26.8,play,944.0,635.0,1000.5,631.5,865.0,612.0,974.5,326.75,1015.5,319.25,1064.0,332.75
744b27_9,26.84,play,943.5,635.0,999.5,631.5,863.5,612.0,972.0,326.25,1015.0,320.75,1064.0,332.75
744b27_9,26.88,play,943.0,635.0,999.5,631.5,863.5,612.0,970.0,326.75,1012.5,321.25,1064.0,332.25
744b27_9,26.92,play,942.5,634.5,999.5,631.5,863.0,612.0,969.0,327.0,1012.0,320.5,1063.0,331.75
744b27_9,26.96,play,942.5,634.5,999.0,632.0,863.0,612.0,967.0,327.0,1011.0,320.75,1063.0,331.25
744b27_9,27.0,play,943.0,635.0,999.5,632.5,863.5,612.5,964.0,326.25,1009.0,320.5,1065.0,331.25
744b27_9,27.04,play,943.5,635.0,999.5,632.0,964.0,327.25,1008.0,320.5,1065.0,331.25,925.0,308.0
744b27_9,27.080000000000002,play,944.0,635.0,1000.5,633.0,865.0,612.0,964.5,327.5,1005.5,319.0,1064.0,332.0
744b27_9,27.12,play,944.5,635.0,1001.0,632.5,865.5,612.0,964.5,328.5,1005.0,318.25,1065.0,332.5
744b27_9,27.16,play,945.5,635.0,1002.0,633.0,1005.0,318.5,1066.0,333.5,960.0,308.0,914.5,308.25
744b27_9,27.2,play,945.5,635.5,1003.0,632.5,961.5,325.25,1004.0,318.5,1067.0,334.75,959.5,307.75
744b27_9,27.240000000000002,play,946.0,635.5,1003.5,632.5,867.0,612.5,960.0,325.0,1003.5,318.0,1068.0,335.5
744b27_9,27.28,play,946.5,635.5,1003.5,632.5,959.0,325.0,1067.0,336.0,1002.5,317.25,913.0,309.0
744b27_9,27.32,play,947.0,635.5,1004.5,633.0,958.0,327.75,1003.0,318.5,1069.0,336.0,912.0,308.25
744b27_9,27.36,play,948.0,635.5,1005.0,633.0,869.0,612.0,956.0,328.25,1001.5,318.25,1069.0,336.25
744b27_9,27.400000000000002,play,949.0,635.5,1005.5,632.5,870.0,612.0,954.0,328.0,999.5,319.75,1070.0,336.0
744b27_9,27.44,play,949.5,635.5,1006.0,632.5,870.0,612.0,951.0,327.75,998.5,319.5,1071.0,336.0
744b27_9,27.48,play,950.5,635.0,1006.0,632.0,871.0,612.0,949.0,326.0,997.5,319.0,1071.0,335.75
744b27_9,27.52,play,950.5,634.5,1006.5,632.0,871.0,611.5,947.0,325.0,995.0,317.5,1071.0,335.5
744b27_9,27.560000000000002,play,950.5,634.5,1007.0,632.0,871.0,611.5,944.5,324.5,994.5,318.0,1069.0,335.25
744b27_9,27.6,play,950.5,634.0,1006.5,632.0,871.0,611.5,943.0,326.5,993.0,318.0,1067.0,335.0
744b27_9,27.64,play,950.5,634.5,1007.0,632.0,871.0,611.5,942.0,326.5,991.0,318.0,1067.0,336.0
744b27_9,27.68,play,950.5,634.0,1007.0,632.0,871.0,612.0,871.0,611.5,939.0,327.0,990.5,317.75
744b27_9,27.72,play,951.0,634.5,1007.0,632.0,871.5,611.5,871.5,611.5,938.5,328.25,989.5,318.5
744b27_9,27.76,play,951.0,634.5,1007.5,632.5,872.0,611.5,935.5,328.0,1061.0,335.5,987.5,317.5
744b27_9,27.8,play,951.5,634.5,1007.5,632.0,872.0,612.0,872.0,612.0,932.0,327.75,1059.0,335.75
744b27_9,27.84,play,951.5,634.5,1007.5,632.5,872.0,612.0,930.0,327.25,1059.0,337.0,985.0,316.5
744b27_9,27.88,play,952.0,634.5,1008.0,632.5,872.0,612.0,926.0,327.5,1059.0,338.0,985.0,316.0
744b27_9,27.92,play,952.5,635.0,1008.5,632.5,873.0,612.0,872.5,612.0,924.0,327.75,1059.0,338.0
744b27_9,27.96,play,953.0,635.5,1009.5,632.5,873.0,612.5,922.0,328.75,1060.0,338.0,982.0,316.25
744b27_9,28.0,play,953.0,635.5,1008.5,633.0,921.0,329.5,1060.0,338.5,979.5,317.5,953.5,310.25
744b27_9,28.04,play,953.0,636.0,1010.0,633.5,919.0,330.25,1060.0,338.0,980.0,318.5,952.0,310.75
744b27_9,28.080000000000002,play,953.5,637.0,1010.0,633.5,916.0,330.5,1059.0,339.0,978.5,319.0,951.0,311.25
744b27_9,28.12,play,953.5,637.0,1011.0,634.0,913.0,330.25,1058.0,339.0,977.5,320.0,950.0,310.75
744b27_9,28.16,play,954.0,637.5,1011.0,634.0,874.5,613.5,913.0,353.5,910.5,329.75,1055.0,339.0
744b27_9,28.2,play,954.5,637.0,1011.0,634.0,875.0,613.5,907.0,329.25,1055.0,339.25,973.5,319.5
744b27_9,28.240000000000002,play,955.5,637.0,1011.5,633.0,875.5,613.5,905.0,329.25,1053.0,339.5,972.5,319.0
744b27_9,28.28,play,955.5,636.5,1012.0,633.5,875.0,613.5,902.0,329.75,1050.0,339.5,970.5,318.5
744b27_9,28.32,play,1233.0,304.5,1075.0,290.0,1048.0,340.0,969.5,318.25,945.5,312.0,911.0,296.25
744b27_9,28.36,play,956.5,636.5,1012.5,634.0,876.5,613.5,1047.0,340.0,898.5,331.25,968.0,318.5
744b27_9,28.400000000000002,play,957.5,637.0,1012.5,634.0,876.0,613.5,1047.0,340.25,895.5,331.0,966.5,318.5
744b27_9,28.44,play,957.5,637.0,1012.5,634.0,876.0,614.0,876.0,613.5,1047.0,340.5,892.0,331.5
744b27_9,28.48,play,958.0,637.5,1013.5,634.0,877.0,614.0,876.5,613.5,1047.0,340.0,889.5,331.0
744b27_9,28.52,play,958.5,638.0,1013.5,635.5,877.5,615.0,1049.0,340.25,884.5,331.25,964.5,321.25
744b27_9,28.560000000000002,play,1235.0,306.25,1266.0,348.25,1076.0,292.25,1048.0,341.75,962.5,322.0,939.5,316.75
744b27_9,28.6,play,1236.0,307.25,1077.0,291.25,1048.0,341.75,962.0,322.5,938.5,317.5,899.5,298.5
744b27_9,28.64,play,1236.0,307.75,1077.0,292.25,1046.0,342.5,960.0,322.5,938.0,318.25,898.5,299.5
744b27_9,28.68,play,1237.0,306.25,1077.0,292.25,1045.0,344.5,958.5,323.0,937.5,319.75,897.5,301.0
744b27_9,28.72,play,961.0,643.5,1018.0,641.0,1041.0,345.0,872.5,337.0,956.0,323.5,937.5,321.5
744b27_9,28.76,play,961.0,645.0,1019.0,643.0,882.0,621.5,881.0,622.0,1038.0,346.5,869.0,339.25
744b27_9,28.8,play,1240.0,313.5,1080.0,296.25,1037.0,348.0,955.5,327.5,936.5,325.5,894.0,305.0
744b27_9,28.84,play,1241.0,315.25,1080.0,298.75,1037.0,349.75,956.0,330.0,935.5,326.5,892.5,306.75
744b27_9,28.88,play,961.5,651.0,1022.0,648.5,1073.0,708.5,1038.0,352.0,955.5,332.25,935.5,328.25
744b27_9,28.92,play,964.5,652.0,1023.0,650.0,884.0,629.0,1073.0,709.5,1037.0,353.75,954.0,333.75
744b27_9,28.96,play,966.0,654.5,1023.0,651.0,885.0,631.0,1073.0,711.5,1037.0,355.5,952.5,335.5
744b27_9,29.0,play,966.5,655.5,1023.0,653.0,886.0,632.5,886.0,632.0,1074.0,712.5,1037.0,356.5
744b27_9,29.04,play,1244.0,323.25,1082.0,307.0,1039.0,357.5,949.5,336.5,930.5,335.5,885.0,315.25
744b27_9,29.080000000000002,play,1245.0,322.75,1083.0,307.75,1039.0,358.5,949.0,337.75,930.0,337.5,885.0,317.25
744b27_9,29.12,play,968.5,659.0,1025.0,656.5,888.0,635.5,1076.0,716.5,1038.0,359.75,949.0,339.0
744b27_9,29.16,play,969.0,660.0,1026.0,658.0,1078.0,718.0,1138.0,707.5,1036.0,361.0,949.0,341.5
744b27_9,29.2,play,969.5,661.0,1026.0,658.5,1077.0,718.0,1100.0,713.0,1138.0,708.0,1034.0,361.5
744b27_9,29.240000000000002,play,969.0,661.5,1027.0,659.0,1078.0,719.5,1100.0,713.5,1138.0,708.5,1030.0,362.25
744b27_9,29.28,play,1247.0,327.5,1247.0,326.0,1084.0,311.75,1027.0,363.75,945.0,343.5,926.5,342.25
744b27_9,29.32,play,1248.0,330.0,1247.0,329.25,1084.0,312.75,1025.0,365.0,943.5,345.25,926.0,343.5
744b27_9,29.36,play,1248.0,330.25,1083.0,313.0,1026.0,365.5,941.5,345.5,926.0,344.75,872.0,322.0
744b27_9,29.400000000000002,play,1248.0,331.25,1082.0,314.25,1025.0,366.25,938.5,346.0,925.0,346.5,870.0,323.5
744b27_9,29.44,play,1247.0,331.5,1081.0,314.75,1026.0,366.25,938.0,347.75,924.0,347.75,869.0,325.0
744b27_9,29.48,play,1247.0,330.25,1247.0,329.5,1081.0,316.25,1025.0,366.75,935.5,347.75,923.0,349.25
744b27_9,29.52,play,1246.0,330.25,1246.0,329.75,1080.0,315.5,1024.0,366.75,933.0,348.25,921.0,349.5
744b27_9,29.560000000000002,play,1245.0,331.75,1078.0,315.25,1024.0,366.5,931.5,349.25,919.0,349.5,858.5,325.5
744b27_9,29.6,play,968.0,666.5,1024.0,663.0,888.0,643.5,1060.0,672.0,1077.0,723.5,1099.0,718.0
744b27_9,29.64,play,967.5,666.5,1024.0,663.0,887.5,643.5,1076.0,723.5,1135.0,713.0,1019.0,367.0
744b27_9,29.68,play,967.5,666.5,1024.0,663.0,1076.0,723.5,1135.0,712.5,1016.5,366.75,922.0,348.5
744b27_9,29.72,play,966.5,667.5,1023.0,664.0,886.5,644.0,1075.0,724.0,1135.0,713.0,1012.5,368.0
744b27_9,29.76,play,966.5,668.5,1023.0,664.5,1076.0,725.0,1008.5,368.75,909.5,351.5,917.0,350.0
744b27_9,29.8,play,966.0,668.5,1023.0,665.0,885.0,645.0,1076.0,725.5,1006.5,369.0,909.0,351.25
744b27_9,29.84,play,966.5,669.0,1023.0,666.0,884.5,645.5,884.5,645.5,1076.0,725.5,1005.0,369.75
744b27_9,29.88,play,1242.0,335.5,1074.0,319.25,1004.0,370.25,918.5,373.25,907.0,350.0,1132.0,716.0
744b27_9,29.92,play,1242.0,337.0,1073.0,319.75,1002.0,370.5,905.0,351.75,1133.0,716.0,1022.0,666.5
744b27_9,29.96,play,1240.0,335.75,1071.0,320.0,1001.0,371.25,903.0,351.0,1131.0,717.0,1022.0,667.0
744b27_9,30.0,play,964.0,671.0,1022.0,667.0,883.0,647.5,883.0,647.5,1076.0,727.5,1132.0,717.0
d82e7a_5,0.04,play,741.0,312.5,723.0,225.0,831.0,259.75,850.5,304.0,648.5,215.5,628.5,389.5
d82e7a_5,0.08,play,741.0,312.5,723.0,225.0,831.0,259.5,850.5,304.0,648.5,215.5,628.5,389.5
d82e7a_5,0.12,play,736.5,314.0,726.0,225.875,833.0,259.75,850.5,303.0,649.5,215.25,628.5,390.0
d82e7a_5,0.44,play,698.0,334.25,634.0,393.0,671.5,217.0,751.5,224.5,601.5,248.0,543.5,289.5
d82e7a_5,0.52,play,687.0,340.75,635.0,393.0,607.5,249.25,678.0,216.625,759.5,225.125,549.5,290.0
d82e7a_5,0.64,play,672.0,352.25,637.5,394.75,618.0,249.375,558.5,289.5,689.0,216.0,772.0,224.875
d82e7a_5,0.68,play,667.0,357.75,638.5,396.75,571.5,308.25,621.5,248.25,561.0,289.0,693.5,217.25
d82e7a_5,0.72,play,661.0,361.5,639.0,397.5,624.5,248.5,563.0,288.75,697.5,216.75,779.5,226.125
d82e7a_5,0.76,play,655.0,366.5,640.0,398.75,567.0,289.75,628.5,248.0,701.5,215.0,782.0,225.75
d82e7a_5,0.8,play,651.0,371.75,641.0,399.5,569.0,290.0,632.0,248.25,704.5,215.5,786.0,226.375
d82e7a_5,0.88,play,221.5,58.46875,407.5,273.75,321.75,333.25,486.75,205.125,285.5,355.25,474.0,242.625
d82e7a_5,0.96,play,236.75,58.75,-0.140625,57.875,414.25,274.0,329.25,333.0,497.5,205.125,292.5,353.75
d82e7a_5,1.0,play,1274.0,337.0,1043.0,370.0,983.0,264.0,983.0,261.25,889.0,300.75,879.0,263.25
d82e7a_5,1.04,play,619.5,406.5,644.0,403.75,589.5,289.5,658.0,249.875,541.0,552.5,448.25,353.25
d82e7a_5,1.08,play,615.0,412.5,645.0,404.5,592.5,290.5,535.0,551.0,662.0,249.125,452.25,353.25
d82e7a_5,1.12,play,610.0,419.5,645.5,405.5,596.0,291.0,531.5,550.0,454.75,353.0,665.5,249.125
d82e7a_5,1.16,play,604.0,426.5,646.5,406.0,599.0,290.5,526.5,549.0,457.0,352.5,473.0,291.25
d82e7a_5,1.2,play,599.0,433.0,647.0,407.0,526.5,549.0,601.5,290.0,459.5,353.5,476.25,290.75
d82e7a_5,1.24,play,594.0,440.75,646.5,408.5,527.5,548.0,604.0,290.25,462.5,353.75,477.75,291.25
d82e7a_5,1.28,play,587.5,448.0,647.0,408.5,528.0,546.5,465.0,353.0,607.5,290.25,481.5,290.75
d82e7a_5,1.32,play,581.0,456.25,647.0,409.0,526.5,545.0,618.5,309.75,466.75,352.25,610.5,290.0
d82e7a_5,1.36,play,578.5,464.25,646.0,410.5,523.0,542.5,469.25,353.75,615.0,292.25,615.0,291.75
d82e7a_5,1.4000000000000001,play,573.0,472.25,518.5,541.0,646.5,411.25,469.0,353.0,618.0,291.5,491.25,291.25
d82e7a_5,1.44,play,567.0,480.25,515.5,539.0,647.0,411.75,481.25,368.25,473.5,352.0,628.5,307.0
d82e7a_5,1.48,play,562.0,488.25,518.0,539.0,646.5,411.5,477.25,352.75,632.0,310.0,622.5,291.75
d82e7a_5,1.52,play,555.5,497.5,520.0,537.5,533.0,564.5,646.5,412.0,480.25,352.75,634.0,309.25
d82e7a_5,1.56,play,551.5,499.25,519.0,537.0,646.0,412.5,482.75,353.75,635.5,306.25,500.5,290.5
d82e7a_5,1.6,play,548.0,495.75,514.5,535.5,644.0,413.25,484.5,354.5,483.5,352.25,503.5,291.5
d82e7a_5,1.6400000000000001,play,544.5,493.0,512.0,533.5,645.0,414.0,492.25,354.75,485.0,351.0,505.75,291.75
d82e7a_5,1.68,play,541.0,491.0,504.5,533.0,645.5,414.75,495.25,355.25,484.75,351.5,507.75,292.25
d82e7a_5,1.72,play,537.5,489.0,503.25,532.0,643.0,415.25,498.75,355.5,486.0,351.75,509.0,292.0
d82e7a_5,1.76,play,533.5,487.25,508.0,531.0,641.0,415.25,502.25,354.75,491.25,352.75,511.25,291.75
d82e7a_5,1.8,play,530.0,486.0,507.5,529.5,640.0,415.75,507.75,354.25,494.5,352.25,513.0,291.5
d82e7a_5,1.84,play,525.5,485.0,503.75,528.5,509.0,353.5,639.5,416.25,495.5,352.75,514.0,292.5
d82e7a_5,1.8800000000000001,play,523.0,484.5,500.0,527.5,511.0,352.5,496.75,353.0,640.0,417.5,398.0,625.0
d82e7a_5,1.92,play,518.0,484.25,496.5,526.0,514.0,351.0,495.75,351.75,639.5,417.75,401.5,623.0
d82e7a_5,1.96,play,515.0,484.75,494.25,525.0,514.5,350.5,494.75,351.5,639.5,418.25,403.75,622.0
d82e7a_5,2.0,play,509.75,484.75,497.75,525.0,498.0,351.5,516.0,350.75,638.0,418.0,407.75,619.5
d82e7a_5,2.04,play,507.75,485.0,498.5,524.5,503.0,352.5,524.0,350.5,636.0,418.0,413.75,618.0
d82e7a_5,2.08,play,504.0,487.25,496.0,523.5,506.25,351.75,526.5,350.0,632.5,419.0,419.0,616.0
d82e7a_5,2.12,play,499.25,488.25,492.25,522.5,506.75,351.0,528.5,350.0,423.75,614.5,630.5,420.5
d82e7a_5,2.16,play,494.0,489.5,485.0,520.5,428.0,612.5,507.75,350.25,531.5,349.5,633.0,420.75
d82e7a_5,2.2,play,491.75,491.5,482.5,520.5,431.5,610.5,507.5,349.5,534.0,348.25,632.0,422.0
d82e7a_5,2.24,play,486.75,494.25,484.75,520.5,433.25,608.5,507.5,349.5,535.5,348.25,629.0,421.5
d82e7a_5,2.2800000000000002,play,483.0,496.75,486.5,521.5,437.5,607.0,509.5,350.0,371.5,386.0,536.5,347.25
d82e7a_5,2.32,play,480.25,499.5,483.5,520.5,443.5,605.5,514.5,349.0,372.5,385.5,539.0,347.75
d82e7a_5,2.36,play,475.75,504.0,480.5,518.5,447.5,602.5,374.5,384.25,518.0,349.25,618.0,422.75
d82e7a_5,2.56,play,458.25,526.0,472.25,514.5,462.5,589.0,382.75,381.75,447.5,344.25,613.5,425.5
d82e7a_5,2.6,play,454.5,530.0,470.75,514.0,466.5,590.5,385.0,380.0,608.0,425.25,447.0,339.75
d82e7a_5,2.64,play,451.75,532.5,467.25,513.0,472.0,589.5,387.5,378.75,608.0,425.5,447.25,337.5
d82e7a_5,2.68,play,451.0,528.5,462.25,512.5,477.5,587.5,388.0,378.0,612.0,427.5,450.0,330.75
d82e7a_5,2.72,play,450.5,525.0,457.0,512.0,482.0,586.0,388.0,378.0,610.0,427.5,455.75,330.25
d82e7a_5,2.88,play,450.25,515.5,463.5,508.75,501.5,581.0,405.5,375.0,602.0,426.75,474.25,330.5
d82e7a_5,2.92,play,451.0,514.5,463.75,506.5,463.5,505.5,507.75,579.5,409.5,373.5,608.5,428.0
d82e7a_5,3.04,play,458.25,512.0,458.25,512.5,467.75,502.0,483.0,525.5,527.0,577.0,423.25,371.5
d82e7a_5,3.52,play,452.25,494.25,469.25,487.5,469.75,364.5,594.0,563.0,615.0,427.0,547.0,323.5
d82e7a_5,3.68,play,449.25,491.0,477.5,483.25,480.25,362.5,608.0,560.5,609.5,424.75,564.0,319.75
d82e7a_5,3.72,play,448.75,490.5,476.25,481.75,483.0,361.0,611.5,560.0,613.5,425.25,568.5,321.0
d82e7a_5,3.7600000000000002,play,450.5,485.75,473.75,480.0,487.0,361.0,613.5,425.25,617.0,560.0,574.5,320.25
d82e7a_5,3.88,play,453.25,473.75,481.25,474.0,495.25,359.25,608.0,422.75,445.25,276.75,632.5,557.5
d82e7a_5,3.96,play,455.25,467.75,481.5,469.5,502.5,359.0,610.5,422.75,457.25,276.75,592.5,316.5
d82e7a_5,4.08,play,459.0,462.0,483.5,463.5,510.75,358.0,608.0,421.0,475.75,273.75,606.5,314.0
d82e7a_5,4.2,play,461.75,457.75,484.75,457.75,519.5,357.0,606.5,418.75,615.5,312.0,668.0,553.0
d82e7a_5,4.24,play,462.75,458.0,484.25,455.5,521.0,357.0,606.0,417.75,620.0,312.0,671.0,552.0
d82e7a_5,4.28,play,463.0,457.75,485.75,454.0,522.5,356.5,602.5,416.5,251.25,465.75,624.0,312.0
d82e7a_5,4.36,play,466.0,452.5,487.75,450.25,523.5,353.75,597.5,413.5,630.5,310.75,679.5,551.0
d82e7a_5,5.76,play,1231.0,714.0,1231.0,714.5,1209.0,687.0,992.0,717.5,1192.0,403.0,1152.0,362.0
d82e7a_5,5.8,play,1227.0,714.5,1209.0,687.5,992.5,718.0,1192.0,403.0,1147.0,360.25,1211.0,349.75
d82e7a_5,19.48,play,623.0,315.75,592.0,314.0,608.5,278.5,597.5,283.5,574.5,311.5,672.0,299.25
d82e7a_5,20.6,play,654.0,325.0,637.5,306.25,637.0,304.5,647.0,355.75,626.5,280.75,603.5,289.0
d82e7a_5,20.92,play,667.5,338.0,654.0,353.5,635.0,309.0,636.5,286.0,599.0,326.75,605.5,290.75
d82e7a_5,20.96,play,669.0,337.5,655.0,353.5,651.0,306.25,635.0,312.25,638.0,286.75,602.0,326.75
d82e7a_5,21.0,play,669.5,337.5,656.5,355.0,653.0,307.25,635.5,315.5,641.0,287.5,607.5,326.25
d82e7a_5,21.04,play,670.0,338.25,658.0,356.5,655.0,308.0,639.0,316.25,644.0,287.75,614.0,327.5
d82e7a_5,21.080000000000002,play,670.5,338.0,662.0,358.0,656.5,309.5,642.0,309.75,618.5,327.75,645.5,289.5
d82e7a_5,24.48,play,685.0,335.25,687.0,365.5,663.0,313.0,643.5,356.75,619.5,332.75,749.0,298.25
d82e7a_5,24.52,play,688.0,335.0,686.0,365.5,663.0,312.0,643.5,357.5,628.5,332.0,724.0,270.0
d82e7a_5,24.8,play,713.0,339.5,695.5,366.25,759.0,297.5,775.0,357.5,651.5,308.5,728.0,268.75
d82e7a_5,24.88,play,722.0,344.75,699.5,368.0,773.5,360.75,760.0,297.75,726.0,267.5,645.0,307.0
d82e7a_5,24.92,play,726.5,347.5,702.5,368.75,772.5,361.0,757.0,297.0,724.0,267.0,641.5,305.75
d82e7a_5,24.96,play,732.0,351.25,709.5,370.0,768.5,362.5,754.0,296.25,722.5,266.5,632.0,359.5
d82e7a_5,25.04,play,742.0,357.75,762.0,366.5,706.0,370.25,756.0,297.0,723.0,266.5,817.0,281.75
d82e7a_5,25.12,play,752.5,367.0,764.0,367.25,704.5,371.0,760.0,297.75,729.5,267.5,821.0,282.0
d82e7a_5,25.16,play,759.0,371.5,762.0,368.25,709.5,372.0,760.0,297.5,729.5,267.25,824.0,281.75
d82e7a_5,25.32,play,786.5,393.75,758.0,370.0,715.0,374.0,759.0,298.0,859.0,483.5,823.5,280.25
d82e7a_5,25.36,play,793.0,399.25,759.0,370.75,715.0,374.25,763.5,298.25,857.5,482.75,825.5,280.5
d82e7a_5,25.400000000000002,play,800.5,405.75,765.0,371.25,717.0,375.5,858.5,483.25,766.0,297.5,834.0,280.25
d82e7a_5,25.44,play,809.0,413.75,767.5,374.0,860.5,484.25,728.5,375.75,763.5,297.0,835.0,279.75
d82e7a_5,25.560000000000002,play,834.0,436.5,883.5,487.5,763.0,373.0,730.0,376.75,765.5,294.75,837.0,278.0
d82e7a_5,25.6,play,842.5,444.75,886.0,488.5,766.0,374.0,731.5,376.75,768.0,294.5,837.5,277.0
d82e7a_5,25.64,play,851.0,452.75,885.0,488.25,769.0,374.25,736.5,377.0,1022.5,433.0,841.0,276.25
d82e7a_5,25.68,play,859.5,462.0,885.0,488.0,773.0,376.0,743.0,377.0,1021.5,433.75,845.5,275.75
d82e7a_5,25.72,play,867.5,471.0,887.0,488.25,772.0,375.5,747.0,377.5,1020.0,435.25,849.0,275.0
d82e7a_5,25.76,play,874.5,470.75,892.5,489.25,894.0,509.0,772.0,376.0,1015.0,436.25,746.0,377.25
d82e7a_5,25.8,play,881.5,468.25,906.5,488.25,901.5,507.5,1011.0,437.25,777.0,375.0,746.5,377.5
d82e7a_5,25.84,play,888.0,466.0,909.0,488.0,1006.0,437.5,778.0,374.75,746.0,377.0,1009.0,330.0
d82e7a_5,25.88,play,893.5,464.25,906.0,488.25,1003.0,462.0,1003.0,437.5,777.5,374.75,749.0,376.75
d82e7a_5,25.92,play,900.0,463.75,904.0,487.0,1003.5,458.25,1003.5,437.25,778.5,375.5,756.0,376.75
d82e7a_5,25.96,play,906.0,462.5,914.5,487.5,1003.5,457.5,1004.5,438.0,778.5,375.75,760.5,375.5
d82e7a_5,26.0,play,911.5,462.25,922.0,486.75,908.0,506.5,1003.5,438.25,776.0,376.25,1009.0,326.75
d82e7a_5,26.04,play,916.5,462.5,926.5,487.75,997.5,438.5,1004.5,325.75,772.5,376.5,755.0,374.0
d82e7a_5,26.080000000000002,play,922.0,463.0,926.0,488.0,994.0,437.75,1000.5,324.0,776.5,375.75,1057.0,344.5
d82e7a_5,26.12,play,928.5,464.25,922.0,487.5,990.5,437.75,997.5,324.0,1054.0,343.5,774.0,377.0
d82e7a_5,26.16,play,931.0,466.25,919.5,487.25,990.5,438.25,996.5,323.25,1051.0,343.25,768.0,376.5
d82e7a_5,26.2,play,935.5,468.25,917.5,487.0,991.0,438.5,995.0,323.0,1051.0,343.0,776.0,376.0
d82e7a_5,26.240000000000002,play,938.5,470.5,918.5,486.5,917.0,505.5,990.5,459.75,991.0,440.0,1003.0,440.0
d82e7a_5,26.28,play,940.5,473.75,923.0,487.0,921.5,504.0,983.0,440.5,991.0,322.5,1054.0,343.25
d82e7a_5,26.52,play,954.5,499.75,932.5,485.5,922.0,502.0,967.0,440.5,1026.0,342.0,964.0,318.75
d82e7a_5,26.560000000000002,play,955.0,501.75,927.0,485.5,964.0,439.5,1025.0,342.0,963.0,318.25,762.0,377.5
d82e7a_5,26.6,play,956.0,499.75,928.0,483.5,962.0,439.5,1023.5,341.75,956.0,318.75,756.0,378.5
d82e7a_5,26.64,play,955.5,497.25,923.0,482.0,964.0,459.75,977.0,439.25,1017.5,341.0,949.5,318.0
d82e7a_5,26.68,play,957.0,496.0,921.0,481.0,971.5,439.0,1011.5,340.25,945.5,317.0,760.0,378.5
d82e7a_5,26.72,play,958.5,494.25,921.5,480.5,969.5,439.0,1008.5,340.0,942.5,317.5,760.0,378.25
d82e7a_5,26.76,play,959.5,493.25,925.0,498.0,926.0,480.0,963.5,437.75,1013.0,339.0,940.0,317.25
d82e7a_5,26.8,play,960.0,492.75,936.5,480.5,929.5,496.75,961.0,437.75,1009.0,357.75,1013.5,339.25
d82e7a_5,26.84,play,960.5,493.25,935.5,498.25,935.5,480.0,960.5,437.25,1012.5,339.5,940.0,317.75
d82e7a_5,26.88,play,961.0,494.0,940.0,479.5,963.0,458.5,962.5,437.0,1009.5,339.0,937.0,317.25
d82e7a_5,26.92,play,961.0,495.5,937.5,478.75,976.0,436.5,1003.0,338.5,931.0,316.75,1033.0,705.0
d82e7a_5,27.0,play,963.5,497.25,967.5,465.5,936.5,477.25,969.0,434.5,994.0,337.75,923.5,316.0
d82e7a_5,27.080000000000002,play,966.0,502.0,949.5,475.75,1003.5,455.5,963.0,433.5,992.5,337.5,931.5,316.25
d82e7a_5,27.12,play,965.0,504.0,945.0,474.0,962.0,433.75,993.5,356.0,1002.0,337.25,929.0,316.75
d82e7a_5,27.240000000000002,play,1086.0,702.0,1034.0,689.0,943.0,470.75,976.5,433.0,988.5,336.25,916.0,315.25
d82e7a_5,28.0,play,794.5,406.75,800.5,388.5,792.5,291.25,704.0,308.5,901.5,324.5,697.0,284.5
d82e7a_5,28.32,play,32.0,326.25,200.375,331.25,285.75,352.5,284.75,272.75,345.25,324.75,338.75,402.5
d82e7a_5,29.32,play,1127.0,602.0,1126.0,584.0,986.5,426.0,959.0,440.0,1212.0,337.0,944.0,333.5
